ID,Interface aspect,Checklist item
IA-01-01,IA-01 UI chung,Bố cục có cấu trúc rõ ràng; các vùng nội dung được căn lề và đặt khoảng cách nhất quán.
IA-01-02,IA-01 UI chung,Typography nhất quán và dễ đọc; cấp bậc tiêu đề nội dung nhãn và dữ liệu được phân biệt rõ.
IA-01-03,IA-01 UI chung,Màu sắc biểu tượng button và thành phần lặp lại cùng một ý nghĩa trên các màn hình.
IA-01-04,IA-01 UI chung,Primary action nổi bật và dễ phân biệt với secondary action hoặc destructive action.
IA-01-05,IA-01 UI chung,Label icon và thuật ngữ dùng ngôn ngữ quen thuộc với admin EMS; không dùng từ mơ hồ hoặc icon khó hiểu.
IA-01-06,IA-01 UI chung,Khi có hỗ trợ EN/VI thì nhãn và thông điệp được dịch nhất quán; không tràn chữ hoặc vỡ bố cục.
IA-01-07,IA-01 UI chung,Control có thể tương tác trông khác biệt với control disabled; control disabled cho biết lý do khi cần.
IA-01-08,IA-01 UI chung,Thông tin và control quan trọng nhìn thấy được mà không phải tìm kiếm hoặc cuộn không cần thiết.
IA-01-09,IA-01 UI chung,Thông tin được nhóm và sắp xếp để admin có thể quét nhanh danh sách trạng thái và hành động.
IA-01-10,IA-01 UI chung,Trạng thái empty và loading có thông điệp hoặc chỉ báo rõ; không để vùng nội dung trống không giải thích.
IA-01-11,IA-01 UI chung,Thông tin không chỉ được truyền đạt bằng màu; chữ trạng thái và control đủ tương phản để dễ đọc.
IA-01-12,IA-01 UI chung,Văn bản dài trong bảng card hoặc field được xuống dòng hoặc ellipsis hợp lý và không làm vỡ bố cục.
IA-01-13,IA-01 UI chung,Trên mobile và tablet bố cục vẫn dùng được; bảng rộng cuộn trong vùng bảng thay vì tràn màn hình.
IA-01-14,IA-01 UI chung,Ở mức zoom 200% hoặc khi tăng cỡ chữ nội dung và control vẫn đọc và thao tác được; không bị che cắt hoặc buộc cuộn ngang toàn trang ngoài vùng bảng.
IA-02-01,IA-02 Forms,Mỗi input có label gần trường và label vẫn nhận biết được trong khi người dùng nhập.
IA-02-02,IA-02 Forms,Trường bắt buộc được đánh dấu rõ trước khi submit; định dạng hoặc ví dụ dữ liệu được nêu khi cần.
IA-02-03,IA-02 Forms,Placeholder chỉ dùng làm ví dụ hoặc gợi ý; không thay thế label chính.
IA-02-04,IA-02 Forms,Trường liên quan được nhóm theo ý nghĩa; form dài có section heading rõ.
IA-02-05,IA-02 Forms,Thứ tự Tab và thứ tự nhập liệu hợp lý theo luồng tác vụ từ trên xuống dưới.
IA-02-06,IA-02 Forms,Lỗi validation xuất hiện gần đúng trường gây lỗi và trường lỗi được nhận biết rõ.
IA-02-07,IA-02 Forms,Thông báo lỗi nói rõ lỗi gì và cách sửa; không chỉ dùng màu hoặc mã lỗi kỹ thuật.
IA-02-08,IA-02 Forms,Form ngăn dữ liệu không hợp lệ sớm khi có thể thay vì chỉ báo sau khi submit.
IA-02-09,IA-02 Forms,Dữ liệu đã nhập được giữ lại khi validation hoặc thao tác Save Draft thất bại.
IA-02-10,IA-02 Forms,Dropdown có thể mở đóng chọn và tìm kiếm option rõ ràng; lựa chọn đã chọn được hiển thị chính xác.
IA-02-11,IA-02 Forms,Ngày giờ kết thúc không thể sớm hơn ngày giờ bắt đầu.
IA-02-12,IA-02 Forms,Mở đăng ký phải sớm hơn đóng đăng ký; đóng đăng ký không muộn hơn thời điểm sự kiện kết thúc.
IA-02-13,IA-02 Forms,Mở check-in phải sớm hơn đóng check-in; rule thời gian check-in được validation hoặc giải thích rõ.
IA-02-14,IA-02 Forms,Input số chỉ nhận giá trị hợp lệ theo giới hạn; số 0 số âm chữ và giá trị vượt giới hạn được xử lý rõ ràng.
IA-02-15,IA-02 Forms,Toggle và field điều kiện thay đổi theo mapping dễ hiểu; trường bắt buộc theo điều kiện được validation rõ.
IA-02-16,IA-02 Forms,Cấu hình role nêu rõ tên role mô tả số lượng tối đa và số role tối đa mỗi người; dữ liệu lưu lại đúng sau Save Draft.
IA-02-17,IA-02 Forms,Upload ảnh nêu rõ loại file kích thước hoặc tỉ lệ cho phép; có preview loading progress và lỗi upload.
IA-02-18,IA-02 Forms,Rich-text editor có control định dạng dễ hiểu; nội dung đã định dạng không bị che mất và có thể kiểm tra trước.
IA-02-19,IA-02 Forms,Save Draft Publish Preview và Cancel khác biệt rõ về mục đích; Publish không xảy ra vô ý.
IA-02-20,IA-02 Forms,Sau khi submit có nhiều lỗi hệ thống hiển thị tổng hợp lỗi hoặc đưa focus tới lỗi đầu tiên; mỗi lỗi liên kết đúng field.
IA-02-21,IA-02 Forms,Khi có upload người dùng có thể thay thế xoá hoặc huỷ tệp trước khi lưu; preview và tên tệp phản ánh đúng lựa chọn và lỗi upload không xoá dữ liệu form khác.
IA-03-01,IA-03 Navigation,Menu sidebar tab hoặc breadcrumb cho biết rõ khu vực admin và màn hình hiện tại.
IA-03-02,IA-03 Navigation,Menu đang active được làm nổi bật rõ và không che khuất nội dung hiện tại.
IA-03-03,IA-03 Navigation,Sidebar thu gọn hoặc mở rộng hoạt động ổn định; trên mobile có cách mở menu rõ ràng nếu sidebar tồn tại.
IA-03-04,IA-03 Navigation,Back Return Cancel và breadcrumb đưa người dùng đến nơi họ mong đợi mà không mất dữ liệu bất ngờ.
IA-03-05,IA-03 Navigation,Admin chuyển giữa Events List tạo/sửa và xem trước event theo luồng dễ hiểu.
IA-03-06,IA-03 Navigation,Khi sửa hoặc xem chi tiết admin luôn nhận biết được event nào đang được thao tác.
IA-03-07,IA-03 Navigation,Events List hiển thị thông tin cốt lõi gồm tên thời gian địa điểm trạng thái và action hoặc có cách mở thông tin đó rõ ràng.
IA-03-08,IA-03 Navigation,Icon action như xem sửa xoá có tooltip hoặc nhãn dễ hiểu khi hover hoặc focus.
IA-03-09,IA-03 Navigation,Search filter sort và tab giữ trạng thái phù hợp khi quay lại danh sách hoặc có nút Reset rõ ràng.
IA-03-10,IA-03 Navigation,Search phản hồi khi nhấn Enter hoặc theo cơ chế rõ ràng; kết quả lọc phản ánh đúng từ khóa.
IA-03-11,IA-03 Navigation,Phân trang hoặc số dòng mỗi trang nếu có hiển thị rõ tổng số bản ghi và trạng thái trang hiện tại.
IA-03-12,IA-03 Navigation,Đường dẫn trực tiếp đến event hợp lệ mở đúng ngữ cảnh; đường dẫn không hợp lệ có hướng dẫn phục hồi.
IA-03-13,IA-03 Navigation,Keyboard focus đi theo thứ tự logic; focus indicator nhìn thấy được và không bị che khuất.
IA-03-14,IA-03 Navigation,Button icon và control trên mobile có vùng bấm đủ lớn để thao tác chính xác.
IA-03-15,IA-03 Navigation,Nút Back Forward của browser và refresh giữ đúng URL hoặc ngữ cảnh hợp lý; không gửi lại thao tác hoặc làm mất state ngoài dự kiến.
IA-03-16,IA-03 Navigation,Khi mở hoặc đóng modal menu hoặc drawer focus được đưa vào đúng chỗ không bị kẹt và quay về control kích hoạt sau khi đóng.
IA-04-01,IA-04 Feedback/State,Hệ thống phản hồi kịp thời cho thao tác có thời gian xử lý bằng loading spinner skeleton hoặc progress bar phù hợp.
IA-04-02,IA-04 Feedback/State,Khi filter sort hoặc đổi trang Events List hệ thống có loading state thay vì màn hình trắng hoặc không phản hồi.
IA-04-03,IA-04 Feedback/State,Các action tạo lưu publish cập nhật hoặc xoá hiển thị kết quả thành công hoặc thất bại rõ ràng.
IA-04-04,IA-04 Feedback/State,Toast hoặc thông báo xuất hiện gần thời điểm hành động; nội dung ngắn rõ và không che control quan trọng.
IA-04-05,IA-04 Feedback/State,Dialog xác nhận nêu rõ đối tượng hậu quả và action không thể đảo ngược trước khi Delete Cancel hoặc Publish.
IA-04-06,IA-04 Feedback/State,Dialog hoặc modal có cách đóng rõ ràng như nút X Cancel ESC hoặc click nền khi phù hợp; không làm mất dữ liệu bất ngờ.
IA-04-07,IA-04 Feedback/State,Action nguy hiểm hoặc dễ gây mất dữ liệu có Cancel hoặc cơ chế undo/recovery hợp lý.
IA-04-08,IA-04 Feedback/State,Trong lúc Save Draft hoặc Publish UI ngăn submit lặp và thể hiện thao tác đang xử lý.
IA-04-09,IA-04 Feedback/State,Status như Draft Published Ended Cancelled Pending Approved dùng nhãn màu và icon nhất quán dễ hiểu.
IA-04-10,IA-04 Feedback/State,Badge notification dot hoặc counter nếu có nói rõ có gì mới ở đâu cần xử lý và không chỉ dựa vào màu.
IA-04-11,IA-04 Feedback/State,Loading empty success warning error và disabled state phân biệt rõ bằng nội dung và trình bày nhất quán.
IA-04-12,IA-04 Feedback/State,Lỗi hệ thống hoặc network có thông điệp không kỹ thuật và cung cấp Retry hoặc bước phục hồi khi phù hợp.
IA-04-13,IA-04 Feedback/State,Thay đổi từ toggle lựa chọn form hoặc thao tác xác nhận hiển thị ngay và không khiến người dùng nghi ngờ state hiện tại.
IA-04-14,IA-04 Feedback/State,Feedback ở cùng loại thao tác được đặt và diễn đạt nhất quán giữa Events List và Add/Edit Event.
IA-04-15,IA-04 Feedback/State,Khi rời form có thay đổi chưa lưu hệ thống cảnh báo với lựa chọn ở lại hoặc bỏ thay đổi rõ ràng; không cảnh báo sai sau khi đã lưu thành công.
